time_in_2012,time_in_2013,time_in_2014,AGE,GENDER
13280,14523,13186,52,1
12800,11986,12219,42,1
15164,14938,14094,16,1
19616,19154,18307,34,1
22041,22319,21556,32,-1
18414,18028,17913,37,-1
17036,17406,16267,37,1
12473,13276,12412,47,1
20627,20604,19866,42,1
16570,15838,15529,42,1
16395,15874,15074,53,-1
21188,20315,21087,47,1
14707,13397,13228,47,1
13664,14218,14506,21,1
20632,21987,21651,42,1
16260,16977,17143,32,1
19581,20875,21347,42,-1
16228,16855,17039,47,1
16216,15752,14641,32,-1
15502,15423,14943,42,1
25014,26049,24700,47,1
19372,18311,18357,27,-1
23009,23093,23852,37,-1
12653,14157,14384,32,1
20056,19602,19122,42,1
17344,16460,17322,32,-1
14385,14822,14558,21,-1
18065,17865,18533,42,1
22198,22182,21683,27,1
11643,11014,11194,36,1
15702,16699,15218,37,-1
20119,19017,20944,52,1
26584,26115,25714,52,-1
17292,16813,16380,32,1
13509,13956,13367,42,1
21785,22398,20856,36,1
13574,14065,14814,21,1
18695,17849,19134,37,1
19129,19303,18378,37,1
20174,19261,18965,41,1
18392,18938,17899,46,-1
14242,15087,15808,46,1
20376,19740,19988,42,1
18375,18239,17415,62,1
14879,14903,17002,38,-1
13288,13755,13369,21,1
17514,17615,18895,37,1
14922,14075,14043,21,1
17211,14645,19890,49,1
12982,14061,12778,21,-1
20942,20996,20240,34,1
15395,16049,15125,27,1
21490,22254,20607,42,1
13376,13430,14768,42,1
23177,22593,24302,47,-1
22300,22634,22166,27,1
16710,15481,16622,40,1
15602,15886,15475,52,-1
16656,17311,16068,27,1
15044,16504,16238,43,-1
21992,22803,22839,21,1
15108,16050,17568,52,-1
18234,16337,18555,39,1
18916,18765,19996,21,1
21021,22572,21250,42,1
18414,16785,17789,32,1
15215,17396,17624,50,-1
16492,15957,16922,32,1
20060,18548,17574,38,1
19916,19780,20051,47,1
16733,18123,16404,27,1
10514,11344,11331,21,1
22181,22349,22706,27,-1
16913,17290,17338,42,1
16374,15904,15142,21,1
15386,16357,16678,44,-1
14648,13733,15580,27,-1
17539,17529,18003,32,1
18613,17839,19414,42,1
11716,14534,11645,51,1
21433,21308,21998,52,-1
18425,18413,17132,47,1
15261,15281,15458,37,1
12346,13274,13722,27,1
14910,17667,14931,45,1
14477,13868,13207,34,1
14531,14031,14912,19,1
17490,19117,18448,52,1
11394,11229,11295,37,1
16184,15540,15440,32,1
17780,18787,17210,21,1
16834,14957,14849,35,-1
13388,12027,12941,42,1
15915,15288,16810,57,1
16489,15001,14586,47,1
16556,15704,14870,37,1
17370,18574,19105,53,-1
17084,16201,17009,54,1
17286,17967,17598,37,1
16963,16988,17925,37,1
15715,15819,16401,37,1
22822,22550,22725,42,1
10615,10409,10621,42,1
15686,17512,18148,40,1
17563,17269,18490,37,1
12472,16880,13961,43,1
15723,15133,16477,37,1
21536,21139,21306,42,1
18064,18268,17421,21,1
14252,14384,16226,41,1
11792,12270,11173,42,1
14960,14124,14976,32,1
13055,13510,13907,37,-1
17689,17659,18697,27,1
23637,20674,20237,23,-1
14814,14074,14091,45,1
17463,18029,16840,37,1
18145,18021,17698,32,1
17371,16661,15830,27,1
14008,15013,14690,32,1
19380,19112,19331,57,-1
19021,15699,16681,56,1
24245,23435,23696,32,1
16231,14691,14784,36,1
18801,19095,19077,47,1
21354,21638,22571,32,1
13056,13045,13711,44,-1
11845,11500,13053,61,1
11388,12387,10762,47,1
14183,13951,14019,42,-1
17998,17845,17216,32,-1
21792,22467,21609,52,1
16339,16170,16858,36,1
20901,20943,20728,37,1
15647,15750,14625,44,1
15616,15984,18689,46,-1
22140,22737,23580,42,1
13887,12598,14056,47,1
13644,14920,17786,60,1
14953,15273,15949,47,1
15234,15248,14893,57,1
18016,17754,18642,17,-1
15566,15494,14747,47,1
14955,14328,14425,47,1
12546,13688,13258,21,1
13040,13023,11926,37,1
10901,10955,11398,33,1
15266,15891,15368,32,-1
12928,12183,12791,37,1
10844,11569,12113,26,1
14564,15655,13454,56,1
16107,15657,15893,37,1
13284,13364,11977,37,1
20643,21579,21731,32,-1
13527,13543,13007,32,1
10169,10064,9770,32,1
19299,20032,18425,32,1
15132,16171,15712,32,-1
17985,18249,18400,47,1
11750,12533,12660,47,1
15305,16579,16522,54,1
13696,13359,13465,21,1
16426,15703,16401,37,1
15418,15469,14905,37,1
16578,15407,15804,27,1
15794,15884,16156,21,1
18490,16993,16598,37,-1
18196,18051,14622,39,-1
17940,18361,17103,21,1
18971,18019,17695,52,1
14706,13117,14153,36,1
15672,15448,16431,34,-1
22829,22179,22134,47,-1
13531,14823,14038,42,-1
19204,18558,18953,21,1
19157,17963,17534,42,1
14771,14954,14462,37,1
18402,18004,18679,21,1
19617,19502,18646,21,1
18567,17346,17461,46,1
15452,15784,15098,29,1
12877,12019,12522,42,1
16061,16208,13793,53,1
16454,16308,17292,32,1
12560,12630,11726,56,1
15323,14648,14169,32,1
12969,13158,14284,57,1
15081,14720,15970,37,1
15104,14142,13902,23,1
21061,20840,21152,42,1
15664,15009,15216,34,-1
17016,16300,16224,37,-1
23422,23261,24496,27,1
15744,15138,15350,27,1
19562,18828,19027,52,-1
15401,15460,15131,47,1
18623,17899,17283,21,1
20021,20314,19780,37,1
12861,14220,13414,46,1
12432,13705,13854,21,1
12209,13018,13302,32,1
23153,22616,22136,52,-1
14751,14104,13832,44,1
22649,22766,22068,42,1
15807,18063,18538,52,1
12271,15917,14665,45,1
13422,13720,13156,42,1
15432,14376,14411,52,1
18831,17920,18686,42,1
11917,11651,11139,44,1
14714,13992,13818,56,1
13252,17008,14666,45,1
15033,15062,15642,32,1
18339,16783,16985,47,1
17193,16505,17580,46,-1
16309,15850,16545,47,-1
16232,15194,15591,42,1
15208,15637,15571,21,-1
15119,15974,14679,42,1
13413,13421,13351,57,1
15545,15946,14917,47,1
12891,13036,12370,27,1
21481,21542,22361,27,1
11466,10895,12290,37,1
14545,14954,15632,32,1
15559,14407,14868,34,1
14485,13862,13638,36,1
14515,13488,14992,21,1
16556,15610,16665,52,1
13616,13320,14633,46,1
15352,15864,15352,52,1
12981,13865,13198,42,1
14143,14100,13707,37,1
13608,14618,14225,52,1
12335,13182,12271,37,1
13642,13365,13252,38,1
19740,17124,17101,40,1
17699,17557,16814,32,1
14228,14155,15463,27,1
15102,13449,13349,44,1
13385,13209,13881,42,1
15947,15562,15438,57,1
13912,13768,12991,47,1
18350,18989,18306,34,-1
21054,20609,20807,0,0
24056,22600,22531,62,1
12711,12944,13363,42,1
17285,16820,17594,23,1
18955,19765,18316,45,1
16764,16577,18000,27,-1
17384,16725,17866,37,-1
21083,23272,21043,33,1
18770,19540,20078,27,1
14685,13862,19307,55,1
13649,13756,12429,46,1
12354,13300,13509,36,1
19457,19488,19376,47,-1
13051,13535,13229,35,-1
18149,20183,19660,36,-1
14866,16148,16627,47,1
16623,16122,16658,42,1
10148,9766,9305,32,1
14056,12900,14186,52,1
14856,15171,13792,42,1
20580,20459,20307,21,-1
18000,15545,18505,57,1
16244,16998,16026,27,1
14828,14593,15022,27,1
18279,17783,18581,27,-1
18055,16193,18070,24,1
18156,18096,18486,21,1
22298,13802,21600,28,1
19557,18514,17991,57,1
15715,15868,15064,21,1
12407,12891,13069,21,1
20207,20549,20327,47,1
22067,22548,21423,21,1
18461,18248,17471,27,-1
12654,21600,15104,45,-1
17414,18445,17437,27,1
22475,21141,21999,32,1
14528,13926,14372,42,1
15255,15391,14865,52,-1
16548,17452,17565,39,-1
15329,15690,14358,37,1
16609,16441,16762,42,1
16033,15731,15380,42,-1
13250,13768,14503,50,1
19679,19056,19643,27,-1
19751,19899,18355,32,-1
17883,16964,17506,47,-1
21446,21640,21716,27,1
17282,16623,17115,57,1
12511,13114,13081,37,1
14375,13535,15224,27,-1
15680,15245,14938,42,1
16252,16960,15796,37,1
22379,21489,21810,52,1
22586,22072,22619,32,-1
15224,15585,17199,45,1
19873,20280,20686,23,-1
13087,13805,12024,52,1
22187,22980,21303,37,1
20852,20000,20911,37,-1
10639,10458,10330,21,1
18769,20205,20173,54,1
16594,16676,16700,21,-1
14644,14236,15337,34,-1
18188,16670,19238,31,-1
21356,21128,21656,37,1
18202,16222,17619,47,-1
16775,17147,16855,42,1
14708,15413,14699,37,-1
23445,23785,23781,32,-1
16361,17159,18108,21,1
12304,12061,11589,46,1
15475,15266,14250,37,1
18140,16952,17236,52,-1
19837,18356,19276,27,1
18299,19071,17859,32,-1
18427,17338,19000,42,-1
11556,10905,12108,37,1
19765,18736,19370,52,-1
18399,17354,18799,27,1
16973,17864,16361,46,-1
13093,14528,14803,32,-1
16405,15629,16802,47,1
23451,24903,24674,52,-1
19223,21600,19228,37,1
16800,15934,17528,42,1
18220,18507,18357,36,1
18297,18151,17396,37,-1
16942,16876,16309,37,1
16230,14968,15816,27,1
11054,12523,11620,36,1
18141,18471,18601,21,1
22041,21670,20862,52,1
16442,21600,16067,45,1
18383,17186,18712,32,1
16984,17138,16019,44,1
12239,12078,11447,61,1
16267,16964,15564,32,1
11186,11259,11091,42,1
10774,11146,10802,47,1
18207,18495,17098,42,1
19330,20145,19157,27,1
14332,15332,15730,34,1
14451,14505,13002,32,1
16039,17443,15962,32,1
16094,16134,15793,27,-1
16533,16466,14527,56,-1
15220,14984,15431,26,-1
17781,19301,17597,42,-1
13674,14664,14074,27,-1
18402,18768,17884,21,1
9988,9365,10243,32,1
11161,16323,12871,42,1
15396,14458,15689,43,1
12182,13538,12000,21,1
20356,20626,20775,42,1
16747,16606,17929,37,1
21559,19696,22572,36,1
14184,13026,14738,16,1
15319,14504,14281,45,-1
20726,21246,21271,27,-1
12721,12793,13256,42,1
13103,13886,14741,26,1
18564,14008,12993,54,1
13265,12346,13696,54,1
15560,18388,16072,53,-1
15637,14029,13862,54,1
20641,16658,21600,23,1
18948,17481,18580,32,-1
21133,21850,21202,21,1
13052,13759,12287,32,1
16861,17593,16155,47,1
13247,14482,14427,52,1
11707,12749,11283,35,1
13865,14370,13991,32,1
19680,19246,19587,32,1
20711,20199,21072,37,1
16239,15947,17079,16,1
21333,22044,20257,62,1
18205,17425,17879,37,1
15643,16935,16217,42,-1
14564,13945,13843,27,-1
13248,12335,13735,27,1
19107,19501,21600,42,-1
11432,10578,11238,46,1
13631,14498,14643,36,1
13833,13411,12841,37,-1
18019,17225,18174,27,-1
17280,17441,16866,45,1
17508,18531,16991,62,1
14778,14517,15321,42,1
15380,15623,17745,41,1
13353,12996,11637,11,1
14361,13812,13342,42,1
20256,19645,20321,67,1
18112,16275,18548,50,-1
16958,16094,16726,54,1
12947,12419,12429,36,-1
11869,12419,12763,27,1
14735,13669,15690,21,1
21435,23027,21159,32,1
13003,13275,12295,42,1
20835,20263,22074,37,1
19436,18726,20036,42,1
10772,11949,10411,37,1
12900,14775,14319,46,1
12780,12720,13258,47,1
17030,18437,16543,37,-1
14389,14957,13230,44,1
21999,21454,21692,42,1
15900,16264,15811,44,-1
11632,12441,12249,32,1
16603,16403,17322,47,1
17945,18951,17439,24,1
19906,20205,19415,52,1
14193,15869,15739,22,1
12175,12808,13663,42,1
22411,21593,22271,42,1
13862,12826,12712,35,1
17520,18053,16612,36,1
20554,20176,23983,53,1
23385,23857,23491,31,-1
15998,15840,16651,47,1
11382,12605,12631,42,1
21421,18317,23187,30,1
15697,16916,15734,37,-1
15086,14623,14181,57,1
13898,14222,15527,27,1
16007,16363,15280,46,1
12767,12767,12198,32,1
18150,19101,18844,42,1
16477,16484,16497,52,1
18629,19422,18027,47,-1
12962,11939,12357,47,1
13814,13438,14339,24,1
15942,18055,18727,29,1
19909,19544,19278,27,1
12726,13500,12928,52,1
14540,15539,14220,42,1
15547,15004,15646,36,1
14428,14979,13975,42,1
12039,11692,11088,42,1
21875,13353,16748,31,-1
15064,14930,16553,42,1
14568,14057,14274,22,-1
14056,15027,13965,46,1
12986,13349,14229,42,1
17503,21600,16221,37,-1
14523,21600,22668,47,-1
18360,19658,19777,17,1
25133,25835,24336,57,-1
13001,17090,13928,52,1
16518,14996,15699,32,-1
12559,13584,14114,57,1
18297,18022,17802,42,-1
12464,12815,12512,27,1
18855,20124,18902,37,-1
14175,13543,13744,52,1
22415,20942,22462,52,-1
18877,17472,18338,42,-1
15955,15688,15625,21,-1
21211,22109,21180,37,-1
23874,24299,23711,32,-1
20431,21686,21349,47,1
19054,20190,18595,32,-1
18780,19001,17486,62,1
25044,24896,26166,37,1
15383,16224,14898,32,-1
15586,15116,15664,27,-1
16031,16431,16660,32,1
12399,13442,13996,47,1
16214,15228,14617,42,1
17205,15866,15998,46,1
17091,17865,18029,36,1
16895,17279,16042,32,1
13814,12715,12617,47,1
14792,15474,15153,27,1
16833,18106,17390,32,-1
20850,22164,21600,21,1
15515,14008,14265,55,1
18555,17837,16478,49,1
13396,13582,12687,34,-1
14827,14975,15005,42,1
18796,18348,19458,47,1
12516,13366,12278,52,1
23071,23711,23658,52,1
16948,16654,17807,27,-1
15081,14355,13713,42,-1
14237,13094,14932,37,1
15376,15929,15271,34,-1
16721,16963,16347,21,-1
16780,17232,17357,17,-1
18716,18854,19167,22,1
16986,17271,13171,38,1
18028,18155,16887,47,1
13552,13222,14236,37,1
24341,23489,24046,27,-1
16999,16171,16517,27,1
15402,15138,15466,35,-1
20869,19374,20192,21,1
13444,13350,13524,42,1
18715,16468,17961,25,-1
20960,22069,20717,21,-1
12241,11911,13290,27,1
17933,18243,18743,27,-1
16131,15808,14723,34,1
12682,11959,12106,47,1
14984,13511,14468,36,1
18878,15322,20640,36,1
19784,20571,20775,52,1
15055,19632,13852,34,-1
18169,17634,17503,42,1
14969,13618,13602,32,1
17559,18528,17538,52,1
24387,24720,24373,52,1
17516,15808,15993,42,-1
15662,16300,15266,21,1
18357,15070,17326,37,-1
13474,12566,12977,44,1
14579,16330,14480,52,-1
19707,20356,20259,46,1
20514,19845,20313,42,-1
13248,13237,13279,41,1
16173,17442,16743,52,1
14709,15186,14140,26,1
15648,15056,15950,37,-1
10244,10816,10128,32,1
13285,16024,14102,50,1
13022,13087,13912,21,1
20783,20115,20722,37,1
16658,17492,16786,55,1
21575,21912,19773,21,1
12207,13413,13958,37,1
15610,17355,14015,64,1
14482,14804,13951,68,1
22605,21808,22593,52,-1
17908,17473,17793,27,-1
19666,19574,18639,27,-1
11251,10463,11774,32,1
15637,15820,17074,30,-1
14047,17532,19133,29,1
15488,16626,17339,37,-1
10584,10910,10421,32,1
13358,14095,14310,32,1
19969,19408,19096,27,-1
19653,20668,19019,42,1
15138,14284,13800,36,-1
22148,22196,21160,47,-1
19519,19962,19910,47,1
24401,23853,24677,32,1
15405,16318,17027,37,-1
15096,14999,15866,29,1
13480,13735,14465,17,1
14176,13689,13558,50,-1
15602,15960,14668,37,1
20402,21742,20084,37,-1
13369,12453,13143,52,1
16020,16880,16808,57,1
17337,16738,16575,37,1
20308,19257,19146,27,1
13699,14106,14683,42,-1
12891,12799,13454,42,1
18984,16340,19507,54,1
18460,17553,17115,32,-1
11923,14031,11164,49,1
21889,21048,20500,37,1
19203,18343,19336,19,-1
20402,19144,19005,57,1
9277,8845,9059,37,1
23116,22931,22706,57,1
25111,24739,25120,42,-1
14191,13782,14081,37,-1
11300,12882,12783,21,1
17088,16797,18275,46,-1
22649,22875,22270,32,1
16817,15260,15175,36,-1
10572,9276,9988,26,1
23371,23892,23627,32,1
12766,13273,12509,27,1
12938,12033,11572,32,1
16400,14947,15911,52,1
14191,14878,14510,37,1
13234,14446,14557,37,1
13573,12813,12600,46,-1
19194,20167,19180,16,-1
16099,16591,16587,42,1
15753,15584,15642,57,-1
18185,17559,18845,54,1
22101,21583,23004,32,-1
12103,11531,11037,27,1
15536,14038,15378,21,1
13570,14213,14096,47,1
14038,13065,12761,47,1
11644,12827,13462,47,1
17279,18703,19078,52,1
14691,14271,15799,21,-1
19565,18277,19757,27,1
17932,18216,16971,44,1
14764,13524,13324,27,1
15535,15797,14500,42,-1
24362,23397,23009,52,1
12566,11370,10986,54,1
14357,14650,15634,37,-1
14057,14760,15053,47,-1
13264,21600,12922,44,1
15972,14595,14410,47,1
20127,19808,19517,37,-1
12385,11904,12229,44,1
20848,22075,22280,21,1
14880,13976,13377,47,1
13725,14564,14550,41,-1
14869,14730,14536,37,1
21377,21973,21272,37,-1
21206,19989,19840,67,1
17096,15225,14622,66,1
14663,15054,15387,37,-1
16878,16113,15914,62,1
13135,11956,13731,36,1
16374,13657,13143,60,1
10765,11661,12594,36,1
17436,21600,19728,39,-1
13905,13917,15073,42,1
17758,19032,17202,27,-1
21259,21097,20991,47,1
12270,12479,13134,42,1
16670,16461,16773,27,-1
20580,16992,23563,63,1
20016,21241,20405,47,1
16238,17032,16482,47,1
12942,13736,12266,36,-1
21400,19858,20208,32,1
15237,15446,14533,56,1
14586,14904,15092,32,-1
21425,20994,20609,32,-1
18607,18923,17874,47,1
18107,18598,19593,62,1
20489,20169,19440,52,1
12199,14257,15927,35,1
13449,14976,15973,46,1
12919,13014,13890,47,1
14545,13349,14171,32,1
14020,14775,13541,16,1
16561,17941,17336,32,1
16840,15654,15872,21,1
18067,17945,18935,21,1
20501,21148,20954,42,1
15615,14113,15281,27,1
17527,16437,17182,27,-1
14506,18279,16856,36,1
18537,18065,18521,37,1
19202,18827,18078,46,1
13707,13234,12207,47,-1
11989,12013,12648,25,-1
14918,14572,13625,50,1
17975,16877,18047,54,1
16567,16792,23798,40,1
16405,16059,16773,47,-1
19694,17141,20210,32,1
15033,15655,15368,52,1
17607,16172,17852,47,1
20890,21428,20953,37,-1
15349,13244,17029,45,1
24144,24192,23431,32,-1
18479,18833,18091,47,-1
14132,13804,13268,32,1
18119,18097,18746,67,1
18582,18595,19568,26,-1
13091,13612,15673,42,1
20531,20579,21451,32,1
11760,11481,12357,42,1
19375,18970,19682,32,1
14514,13753,14871,27,1
18411,16982,17025,42,1
13890,13195,13344,27,-1
17984,18416,19559,27,-1
25445,24035,24507,52,-1
14288,14833,14373,27,1
14199,17977,14668,46,1
20028,18783,19143,67,1
20938,20555,20605,47,-1
19692,20473,19517,42,-1
14681,15580,14015,32,1
16235,15095,15260,42,1
12475,13413,13932,52,1
17797,17953,18131,27,1
16127,15933,15846,52,-1
19752,21091,19543,32,1
16736,17233,16745,47,1
15043,16497,14927,47,-1
18661,18826,18846,57,1
22242,20618,21359,34,1
21252,21053,21877,21,1
14836,14669,15236,42,-1
13177,13062,13342,44,1
15689,14339,14932,42,1
18764,18387,19118,37,1
17256,16790,18030,47,-1
14026,13381,13111,43,1
17550,17539,17808,46,1
16403,16361,15443,42,1
15525,14797,15685,37,-1
17437,16900,18393,27,1
14098,15425,14281,27,-1
10891,11601,10749,42,1
15014,13042,14236,36,1
19008,19796,19538,36,1
16918,17300,17360,42,-1
13404,16295,14553,40,1
12281,11984,12646,52,1
14803,13670,15905,42,1
17562,15860,16071,47,-1
19934,20524,19344,52,-1
14153,13232,12993,52,1
20936,21647,19940,51,-1
14470,13611,15492,27,1
14913,14262,14201,53,-1
13808,13647,14395,57,1
18453,19498,19789,37,-1
18121,19607,18874,21,1
12186,10840,11407,47,1
14718,14816,14468,46,1
21347,22121,21702,32,-1
17745,19401,20804,47,1
20604,22079,21514,26,-1
20431,21314,19926,21,1
17814,18735,17999,42,1
12140,12085,11195,24,1
13683,14035,13567,27,-1
12703,12095,13219,47,1
12220,11662,11232,27,1
21407,21901,21264,32,-1
15518,15053,15055,32,-1
13315,14373,13793,37,1
14934,16545,14482,31,1
21144,21600,21420,21,-1
15984,16270,16009,62,1
14011,15204,15923,32,-1
13893,14743,14475,32,1
12524,13409,13244,52,1
13884,13594,12752,26,1
17506,17888,17762,27,-1
19198,19557,19532,42,-1
14046,13563,13198,42,1
14714,15346,14653,44,1
12844,14025,14268,34,-1
19536,19222,18865,32,-1
14410,15392,15655,32,1
26905,26659,26059,57,-1
12160,11488,11680,52,1
20728,20615,20965,21,1
14913,14117,14322,34,1
18763,19917,19944,37,1
19140,19191,18354,47,1
13229,11654,12730,35,1
13252,12706,13535,37,1
22511,22464,22913,32,1
17570,17295,14648,36,-1
20538,19462,18953,21,1
21920,21164,20970,57,-1
13083,12290,11995,47,1
14463,14256,15174,32,1
16975,16935,16154,27,-1
14777,15545,15529,62,1
22405,22559,22854,42,1
19727,19515,20501,42,-1
16331,14920,18547,40,1
17507,17895,17215,42,1
17287,16672,16595,42,-1
20793,20199,20680,62,1
16840,17097,16341,37,-1
12056,12745,11359,32,1
15596,16311,17094,40,1
12220,11880,11740,42,1
11450,10318,11005,37,1
15033,15617,14984,57,1
11289,11809,12649,61,1
12586,12413,13849,52,1
14631,13248,13249,47,1
22385,23229,22712,21,-1
19982,19264,19930,42,1
13278,13287,13442,52,1
11037,12161,12685,32,-1
20352,19547,19674,37,-1
14792,15285,14705,36,1
20694,20846,19649,44,-1
10849,10726,10984,37,1
16546,16254,16878,32,1
17741,18410,17399,47,-1
14246,14253,15568,47,1
12523,12332,11073,42,1
15068,13629,14811,47,1
13592,13258,13058,47,1
14208,13934,13648,21,1
16176,16400,16664,75,1
16542,15870,16296,37,1
18423,19330,18610,32,1
15794,14536,15899,56,1
13467,12760,12805,32,1
21851,21522,22163,42,1
16144,15108,15549,42,1
12919,12944,14189,37,1
10281,11263,11188,32,1
16778,16474,16796,32,1
24142,25615,25831,37,1
17832,16413,17039,52,1
15931,12889,14283,46,1
14993,13405,13474,32,1
14887,13859,15218,27,1
14604,18189,15974,43,-1
18161,18148,19522,47,-1
12117,13250,13627,31,1
13059,12690,13132,52,1
18384,19045,17140,37,1
18233,18184,16843,32,1
20099,19151,18845,31,1
17774,17909,17066,44,1
18196,16994,18094,36,1
20400,20840,20340,57,-1
15821,14422,15015,36,1
18874,17226,18539,30,1
22197,22181,23108,37,1
18279,17983,18687,42,1
19679,20166,20872,64,1
14896,15978,14525,37,-1
12182,11264,12861,37,1
13134,13144,13816,49,1
20508,20068,19873,37,1
12878,13687,21600,50,1
14060,14886,15123,27,1
15922,17020,15100,56,1
13231,12698,11993,35,-1
22438,21321,21110,21,-1
19877,19090,20646,32,1
11376,11541,12018,34,1
24457,25568,24515,62,1
13693,12943,13740,41,1
14688,15874,14386,22,-1
10757,12060,11471,32,-1
15225,14839,14726,32,1
23879,24690,24200,42,1
16671,16413,16346,43,1
11357,11209,12075,46,1
18615,18904,19611,32,-1
11486,12824,12581,32,1
25388,26032,25828,27,1
15981,13373,21743,37,1
17646,16434,16317,42,1
11828,10577,10567,27,1
13615,14676,13890,21,-1
15417,16281,16742,47,1
13310,14613,14524,32,1
18188,18196,16795,44,1
21897,22091,21584,37,1
18866,19583,18401,32,1
14486,15273,14260,47,1
18272,17899,17191,27,1
16145,17215,17356,37,-1
13772,13925,12749,44,1
15224,16701,16484,47,1
11027,10776,10591,35,1
16065,16538,16074,21,1
15906,17265,16059,37,-1
17412,16887,16168,57,1
12002,12358,11338,32,1
24902,24703,24828,37,1
19794,19667,20858,27,1
18063,18336,19367,37,-1
14675,15824,14621,27,-1
14959,14273,13635,44,1
22568,17932,25890,21,-1
19272,18753,19427,52,1
14622,14404,15474,47,1
20576,19996,20855,27,1
14331,15812,15186,47,1
17277,16452,17001,37,1
18470,17126,18569,36,1
18286,17187,14334,46,-1
14585,15421,14190,37,1
21515,20795,20786,42,1
15081,16030,16189,32,1
17496,17054,18374,47,1
23540,23828,26148,42,-1
18783,18404,19657,57,1
14365,15000,13916,27,-1
16621,17622,17366,52,1
12269,14049,17329,21,1
11368,12099,11108,37,1
11187,21600,10897,32,1
14250,15700,15569,19,1
13886,13929,14436,27,1
14800,13392,14440,27,1
15506,16024,15826,32,-1
17476,16841,18137,37,-1
24755,25412,25043,27,-1
14420,15620,15457,36,1
16934,14323,17255,32,1
20926,21547,20460,47,1
12841,14258,13426,54,1
21600,21425,20958,21,1
15179,16769,15482,34,-1
16303,15684,15957,47,1
17628,18285,17224,56,1
19218,20454,19597,47,1
21596,22186,21463,52,1
19239,19047,19518,37,1
20955,21726,22473,47,-1
18211,18046,19469,21,1
11576,11431,12460,21,1
14787,13693,13412,27,1
14695,13989,13842,52,1
17190,16010,16619,32,-1
22390,21881,20956,27,-1
18010,16329,16722,47,1
16994,14995,15016,44,1
12651,12633,12135,26,1
14094,14151,13278,66,1
11481,12293,12624,36,1
25996,25646,24582,67,1
14499,13905,15076,37,-1
14632,15175,14813,42,1
20463,19921,19138,56,1
18354,18774,17546,57,1
11870,13746,12398,52,1
10801,11330,11069,42,1
14848,14902,15761,42,-1
17456,16225,16754,47,1
12987,12307,11729,37,1
19592,19937,20385,42,1
20407,21896,20368,52,1
19533,18356,18558,37,-1
17180,16862,16641,37,1
13349,14142,12816,32,1
12458,12571,13399,62,1
14209,14679,14766,64,1
15288,14501,14365,57,-1
12525,12425,13104,32,1
18286,21784,22521,36,-1
20983,20563,20550,27,1
15063,17512,16319,35,1
13602,13938,14272,52,1
15566,15607,15159,27,1
17089,17917,18669,21,1
12735,13432,12974,41,1
13071,11811,13227,37,1
13822,12642,11911,32,1
16007,16096,14043,45,-1
12260,11189,11845,36,1
12805,12308,12088,32,1
16156,15606,15009,21,1
16227,16467,16168,21,1
13209,14028,14972,19,1
11671,11304,11605,31,1
15917,17103,15492,27,1
19104,17974,17781,27,1
18956,17778,18550,27,1
19311,19211,19563,37,1
13136,12581,14223,56,1
18149,18627,17758,47,1
15888,15297,14893,21,1
14953,14145,13439,44,1
11205,10747,10514,52,1
16524,17288,16197,34,1
12281,13700,13406,37,-1
14633,13942,14813,52,1
20123,19235,19626,47,1
14125,14705,14418,27,1
13147,14827,14678,37,1
24944,23901,23597,42,-1
13514,12778,13555,52,1
19460,18511,18311,37,-1
104865,105822,104548,52,-1
14028,13353,13709,37,1
18964,18577,18263,37,1
21770,22027,20498,67,1
16036,16608,17573,32,-1
18239,21600,17718,43,1
16599,17255,15700,27,-1
18802,18894,18720,21,-1
19303,19660,19982,57,-1
17550,15150,15196,37,-1
20608,19595,20188,32,-1
14744,15957,15918,36,1
17695,17583,18329,27,-1
14304,14050,13404,32,-1
18642,17536,17447,47,1
14515,15237,15404,21,1
16794,15541,17128,32,1
14700,14353,14625,52,1
11852,11754,12592,35,1
22193,21694,22304,32,1
19578,19828,20799,52,-1
14765,16338,15432,36,-1
14409,13559,14961,42,1
19096,19100,19699,42,-1
14388,13971,14351,21,1
20007,19794,18681,27,1
21345,22361,21262,42,1
20134,20365,21170,37,1
20818,20785,20796,52,-1
21007,20248,21411,42,1
13975,14857,14960,37,1
19813,19748,18608,34,-1
14953,16269,15383,21,-1
18371,18218,18845,42,-1
14877,15153,14485,37,1
15534,14391,15781,27,1
17161,15635,17037,54,1
19155,20028,19569,42,-1
16986,15082,18644,59,1
14571,13853,14591,37,1
18424,19858,19317,54,1
12264,13625,13462,42,1
12659,14474,12223,36,1
14250,13049,14255,21,-1
14552,15088,13523,57,1
17876,16730,18232,42,-1
19422,19884,20058,42,1
15041,15119,14366,52,-1
12319,17233,12102,36,1
17763,16820,16644,32,-1
25852,24891,25512,42,-1
14890,14472,15407,42,1
17591,17512,17001,44,-1
13294,14858,16677,47,1
15425,14276,14835,32,-1
13350,13460,12742,37,1
16826,16723,16961,45,-1
15263,15186,16350,42,1
11607,12336,11629,34,1
14147,16095,16028,47,1
14963,14814,15772,27,-1
18293,18588,17929,21,1
18839,17976,18043,26,-1
18566,19159,18083,52,1
17417,16923,17109,32,-1
14089,14622,14923,42,1
15889,16656,16042,32,1
22635,23184,23786,27,-1
21797,21000,21764,21,1
17451,17387,16614,34,1
16390,15769,15266,52,1
20627,19956,21132,42,1
13214,13100,12812,27,-1
19959,19261,19756,47,-1
16734,15096,16166,43,-1
12228,12874,12385,60,1
12516,11914,11573,42,1
11705,17172,12728,52,1
19186,22749,22464,40,1
16688,17110,17965,23,1
15036,15471,15190,46,-1
13418,12291,12580,27,1
17986,17114,16705,16,-1
15769,14939,14835,37,1
15561,14888,16096,37,1
16869,15635,16051,21,-1
14732,14164,15480,27,1
20587,21689,21175,21,-1
11303,11650,12290,32,1
19590,18959,19067,32,1
11466,11337,12807,47,1
15672,15330,16047,27,1
16288,16398,16334,27,1
15728,16223,15126,37,1
10721,12093,12186,47,1
21913,22540,22366,52,1
19609,19820,19203,52,1
13534,12565,12899,27,1
22331,22120,21031,67,1
20105,18859,20402,27,1
14751,15678,14868,32,1
14002,15612,14535,32,1
15837,16120,15463,44,1
12352,13756,13729,32,-1
10617,11524,11757,47,1
15159,15051,14330,52,1
15438,15828,14639,27,1
16320,15149,17057,40,1
12867,13578,13006,42,1
23516,23123,22133,57,-1
21789,23094,22384,57,1
15114,14100,15052,19,1
19094,20136,20103,44,-1
18107,15139,15325,33,-1
22990,23464,23705,42,-1
14356,13268,13110,36,1
14735,13748,13170,27,1
26837,27185,26600,27,1
13068,13947,13802,50,1
15572,19861,20706,47,-1
13210,12786,12963,46,1
13463,12971,14113,19,1
16963,18442,17783,42,-1
17325,17471,16235,34,1
20584,21339,21648,32,1
17664,18186,18337,52,1
18896,19338,19445,37,1
15797,14256,14836,27,-1
12864,17041,17843,47,1
13781,14627,13302,29,1
14187,15308,15348,46,1
20157,19681,18794,47,1
12595,12110,12978,37,1
18816,18692,18604,32,1
14407,14042,14063,42,-1
21065,20286,19763,42,1
22185,22321,22282,47,1
20860,21435,21409,52,1
14006,15144,14975,27,-1
12076,12353,13560,32,1
16917,17926,16221,46,1
12378,12468,11366,36,1
13053,13013,12775,33,1
14585,16978,13259,35,1
22243,23158,22573,52,-1
14256,13835,14429,42,1
16680,17816,18175,32,1
15479,15960,16279,46,1
16361,15644,17059,47,1
19626,19019,21240,37,-1
15832,15803,17034,32,1
16344,17790,16402,27,1
14099,12794,12895,27,-1
15494,14817,14997,42,-1
8862,9950,10295,32,1
19340,17948,19324,47,-1
17801,18267,16926,37,1
12428,12903,12630,44,1
23445,23173,23161,52,1
17798,18377,17984,45,1
18390,21600,17976,57,-1
19985,19503,20365,27,-1
18629,16332,18320,62,1
18562,18512,18096,19,-1
10560,11463,11749,26,1
15388,17792,17859,30,-1
16371,19701,19993,45,1
22195,23156,21737,42,1
17448,18056,18530,47,1
15306,14065,13921,42,1
12002,11186,11925,62,1
12551,14149,14229,27,-1
11217,11055,11292,32,1
13546,15132,14094,27,1
10619,11769,11644,47,1
26102,25125,26019,42,1
13229,14064,14669,47,1
18219,18632,19334,32,1
12229,10953,10580,42,1
15922,16322,17507,52,1
12112,12086,12732,21,1
18772,18215,18884,52,1
16765,17087,18090,21,1
13736,12637,14361,37,1
16437,17331,16754,21,-1
13747,13224,14526,37,-1
19549,20145,18875,32,1
16228,17382,17123,42,1
15451,14410,15098,47,-1
20466,19394,20657,38,1
12783,13031,12760,42,1
16907,16406,16888,27,-1
15828,17106,15608,36,1
18755,17088,18041,65,1
12332,12993,14018,30,1
20812,18271,20802,47,-1
23879,23489,23799,37,-1
23255,23188,23598,47,-1
16540,16801,16378,36,1
18959,18123,19179,57,-1
15795,14339,17670,36,-1
21400,20100,21590,47,1
13970,13005,13312,48,1
17432,17730,16404,37,-1
9542,8723,8033,32,1
15592,15999,15502,37,1
14881,14470,14045,47,1
12423,13350,11996,21,1
15961,15418,15787,57,1
14236,13007,13779,37,1
14734,15616,14488,34,1
19458,17834,17857,47,1
17646,16615,17925,57,-1
15119,14342,15710,52,1
14299,13512,13289,42,1
14587,15879,15808,41,-1
16816,17717,17107,21,1
20406,19853,21205,42,1
23040,23563,24181,62,1
11434,11127,10869,42,1
13949,14933,15069,42,1
12156,13956,36199,35,1
17519,17495,16884,32,1
18454,17651,17128,26,1
20034,18946,19798,0,0
14289,13915,13592,52,1
12029,13240,13029,37,1
16024,17454,15876,42,1
19068,16661,21528,24,-1
12213,15113,15946,25,-1
12372,12873,12698,47,1
10750,11375,9867,42,1
12205,12069,12331,52,1
19589,20954,19615,37,-1
16813,15473,15892,37,1
22093,21930,22877,27,1
21146,19809,21609,52,1
15810,15845,15889,56,1
22508,23280,22050,42,1
20342,20995,19704,52,-1
15703,16499,15609,32,-1
17157,16658,17619,17,1
17960,17693,14661,54,1
12051,11435,11842,35,1
17438,17618,19730,26,-1
11636,12582,11096,27,1
15201,14847,15225,21,1
21104,21600,19481,50,-1
15111,15496,15322,37,1
25922,26033,26460,37,-1
14878,13991,14693,45,1
18955,14618,18691,44,1
15483,15203,15991,52,-1
12508,13458,13898,26,-1
14108,14427,13268,32,1
18784,18570,19137,37,1
19613,17815,19049,50,1
11744,13293,13512,21,1
16202,16530,15321,52,1
16986,16878,16589,47,1
22431,22626,22764,42,1
22269,20989,21188,37,1
14077,13470,13088,21,1
13726,15126,13718,42,1
20216,19005,19688,47,-1
20524,21482,21336,57,1
10856,11090,11499,47,1
20644,21138,20079,47,1
17326,18627,16952,42,1
20651,19934,20690,62,1
14855,15151,14177,37,1
15152,15710,15401,34,1
19078,19080,18990,37,1
12917,12917,21600,37,1
15402,16954,15298,57,-1
21204,19507,21241,57,1
17495,18589,18932,20,-1
18305,16730,16641,34,-1
19264,18458,19518,42,1
15844,15167,14636,42,-1
18582,18997,17871,52,-1
17243,15633,16670,32,1
17916,18294,17792,52,-1
14230,14046,13278,52,1
18476,19350,17682,52,1
19842,20669,19092,42,1
15509,16742,16538,21,1
14034,14578,13743,36,1
13411,13937,13149,34,1
14153,13665,13168,56,-1
21875,21491,22237,21,-1
13344,13595,14655,37,-1
15956,16087,16061,47,1
15529,14543,16452,33,1
21725,20560,21702,32,1
20998,19768,19328,47,1
21380,21728,21155,52,1
15643,18077,16521,43,-1
16172,17199,17918,37,-1
21809,21489,20864,62,1
15360,15268,16712,54,1
22053,21963,22921,21,1
10978,10234,11184,46,1
12297,13221,11521,58,1
15084,13691,14133,36,1
14070,14485,14152,44,1
11481,12914,11575,42,1
10840,10574,9512,43,1
12700,12330,12423,36,1
18616,21600,19477,37,1
13960,18025,21289,51,1
21343,21276,21210,21,-1
13004,12411,13559,32,1
14019,12291,14242,36,-1
14782,13853,17989,34,1
19460,20214,20728,21,1
12459,12695,12503,37,1
14365,13655,14690,34,1
16004,14714,14799,21,1
14354,15802,13952,37,1
15652,15974,15621,32,-1
12670,12858,11774,27,1
13126,14211,13624,37,1
11986,12236,11629,37,1
18859,18864,17986,20,-1
14542,15273,14765,42,1
21601,21334,20709,67,1
17402,14078,12489,52,1
15488,15868,15996,21,-1
17890,17017,17018,57,1
21915,23564,23039,52,-1
15053,13717,14614,33,-1
14299,14428,14586,42,1
12710,12905,12110,42,1
21679,22547,21503,32,-1
14764,15224,13519,32,1
17775,16946,16348,27,1
13927,14569,13615,42,1
12395,12120,13788,45,1
13977,13215,14066,27,1
14958,13548,13589,27,1
18170,16889,16815,46,1
16464,15232,18955,32,1
15539,14838,14920,27,-1
13626,14004,13851,42,1
15474,15418,15978,52,1
11909,15567,14213,55,1
14483,13919,13343,61,1
23534,23337,24007,52,-1
21905,20586,20873,52,1
18316,18604,17077,27,1
18739,19392,19870,11,-1
14158,14621,14441,45,1
15531,16190,16524,37,1
22031,20860,22023,21,-1
12896,14193,13873,46,1
13788,14529,14552,27,1
13965,14088,14030,42,1
17561,17208,17407,35,-1
20309,19651,16062,34,1
18052,19001,19382,37,1
19801,18073,18296,37,-1
15881,16389,15511,62,1
16534,15670,15253,52,-1
18366,19256,14912,19,1
19248,18796,18050,42,-1
20000,20397,20285,37,-1
19709,20492,20864,32,-1
18568,17862,19231,27,1
14016,13293,13410,37,1
18659,17697,17513,27,-1
24381,25913,24133,37,-1
20329,20248,20764,27,-1
16850,18723,16992,43,1
11517,12477,12198,27,1
15647,15951,16434,32,1
16801,17107,16084,30,1
16991,16207,16475,21,1
14352,13912,13746,31,1
20802,19934,21600,45,1
18244,19355,19165,37,1
11502,10335,10474,27,1
22599,23429,22179,21,-1
19967,20886,20971,44,-1
16859,16265,17284,27,1
21352,20799,19491,50,1
20140,20873,19889,42,1
14893,15026,13933,42,1
16460,16290,15155,46,1
17752,17172,18886,42,1
21310,21677,21514,42,-1
15120,15414,20395,54,1
18793,20234,20619,57,1
16063,15632,15232,42,1
21192,20194,21681,62,1
16663,16015,17452,34,-1
22760,23086,21958,52,1
20137,20390,19961,42,1
15105,14806,14452,34,1
17396,18372,17874,37,-1
12955,13815,13596,37,-1
21695,21383,22401,21,1
12092,13142,11736,37,1
18802,18836,19971,34,-1
14236,13098,14454,47,1
16940,17029,15877,32,-1
13053,13068,14245,27,1
16603,15997,17552,46,1
13905,13572,14098,32,1
18580,19566,19756,42,1
21575,20817,20434,32,1
16608,16392,15954,42,-1
14190,13847,13833,40,1
17880,16819,17436,57,1
12901,12616,12944,24,1
16567,16774,15786,32,-1
16862,17111,16826,49,1
16151,15554,16640,44,1
16627,16430,16521,45,1
18438,19564,18977,21,1
12007,13170,12076,21,1
15939,16288,16201,47,1
15790,15117,15621,46,1
23099,23489,22454,47,1
16059,15346,15138,45,1
14281,14612,14685,39,1
14005,21600,15807,44,-1
13250,13855,14092,46,1
10249,11091,10045,55,1
18446,18890,17720,19,1
16803,17360,16395,42,1
22552,21961,22553,27,1
14965,12913,16943,43,1
12998,12418,12624,36,1
23889,22773,22724,27,1
11867,10678,11085,37,1
13366,13927,13826,42,1
21540,20588,20534,42,1
12873,11918,12562,38,1
13131,13816,13770,42,1
21731,21814,22665,27,1
13481,13729,14515,32,1
27775,20330,22986,28,-1
18501,19209,18978,47,1
20177,21778,22223,32,1
24449,24184,23237,67,1
16733,16482,17505,46,-1
15165,15392,14629,27,1
18203,17861,19237,35,1
19246,19798,19931,54,-1
17541,18452,18387,57,1
18418,18491,19040,32,-1
13576,12838,13460,36,-1
13441,12585,11837,42,1
19115,18694,18032,42,1
13834,14053,13899,41,1
17630,16578,17662,37,-1
19215,16496,19539,54,-1
15210,16505,15968,27,1
10528,10074,11707,21,1
18711,19397,19710,44,-1
14558,11233,12826,34,-1
19673,20469,21028,47,1
18836,17744,18978,67,1
15568,15411,15287,52,1
20124,19753,20206,27,-1
19236,19375,19475,54,-1
17699,18346,17763,42,-1
24684,25317,23904,52,1
13117,12641,13113,32,-1
14094,15282,13696,31,1
28949,28793,29946,25,1
15863,15151,14268,32,1
15885,16768,16738,21,-1
22296,22468,21863,52,1
17245,16420,17820,37,1
16564,15680,15906,36,1
10503,10217,9997,23,1
22308,22031,22341,32,1
14649,14067,13999,37,1
15954,14803,16022,32,1
16937,17560,17062,23,1
16342,16044,16994,47,1
15598,16879,15171,47,1
19940,18631,19597,32,1
16786,16331,16315,36,1
17730,18860,18427,27,-1
12484,14096,13218,42,-1
14731,14423,13689,36,-1
11927,12952,13403,42,1
10907,16594,11273,28,1
14297,13954,14659,16,-1
11919,12438,11919,42,1
17515,17434,17500,52,-1
18553,19338,19538,27,-1
15442,15572,15829,26,1
12909,12848,12153,52,1
15996,15713,15156,32,1
19215,19935,19651,47,1
11395,12348,11023,42,1
13366,13290,13718,33,-1
11445,10680,12123,37,1
18534,17589,18908,27,1
21921,22565,23071,37,1
16095,14674,15076,62,1
22684,21348,23198,37,1
16020,15902,15261,36,1
16036,15517,15007,37,-1
15305,15957,14734,32,1
19097,18678,17619,21,1
14303,15942,15088,32,1
12871,17478,16030,39,1
13942,15685,14765,38,-1
13348,14058,14058,37,1
14526,14629,15403,42,-1
14695,13169,12832,42,1
14386,15199,14169,57,1
18581,18339,17872,27,-1
16451,16331,17421,44,1
21058,20726,20315,67,1
15832,15795,16669,52,1
19696,19734,20228,37,-1
18085,17140,18198,21,1
13117,14914,15402,39,1
16570,16387,17141,23,1
11994,12360,13093,27,1
14217,14080,13470,37,1
15878,15517,16120,27,1
10996,11149,12027,16,1
14381,13351,13192,26,1
12059,13071,11930,26,1
14193,14068,13782,37,1
11909,16501,13095,48,1
13656,14275,14855,32,1
19280,19232,19788,26,-1
13374,12582,14179,54,1
13968,13920,14511,57,-1
14928,15167,13770,44,-1
16637,17704,17451,57,1
20255,20289,20566,32,-1
23545,22302,23173,47,-1
14002,14608,14759,52,1
16594,15996,16031,52,1
17210,17971,17500,21,1
20704,22047,21058,57,1
14231,14407,14076,47,1
21848,20302,20725,52,1
14580,13987,15833,41,1
15610,15172,15390,34,1
17285,17881,17827,37,-1
15326,14578,15612,47,1
19424,19066,19810,47,-1
15933,15723,16652,42,-1
14827,14548,15143,47,-1
12017,12759,12321,21,-1
19021,19286,18542,37,1
17169,14667,20377,52,1
20203,18509,18584,57,1
14785,14735,14611,26,-1
13543,13384,13012,57,1
14391,13592,15216,47,1
21317,21573,20692,57,1
19269,20312,19412,34,-1
14997,17420,15119,41,-1
20577,20256,20260,32,1
13707,13924,13669,34,1
15779,13749,15786,52,1
15285,14235,15420,37,-1
14127,14878,13692,42,1
21105,20235,21189,47,-1
19660,19002,18277,27,1
23957,23024,24540,52,-1
15223,14739,15097,42,1
19917,20002,20965,37,-1
12761,12939,13627,42,1
12453,12537,13358,62,1
15908,14629,14874,21,1
19304,19827,18774,27,1
16287,16540,16946,56,1
15915,16269,16837,37,1
21646,20442,21065,52,1
15245,15713,16604,34,1
13063,13438,15955,22,-1
16596,17172,17399,23,1
15020,14296,14335,44,1
23281,21863,23444,42,1
13033,13676,14210,32,1
21880,22247,20878,42,-1
16207,16348,14895,52,1
14509,14674,14699,27,1
22149,22265,22915,32,1
18736,20007,18348,37,-1
11461,10449,9822,41,1
11709,11685,11675,44,1
12554,13343,13300,42,1
14208,12795,13100,41,1
13989,14992,13780,27,-1
13051,13469,13485,47,1
14352,13977,14351,34,1
18829,19062,18655,42,1
15930,16047,16403,27,1
23298,22985,22597,27,-1
12962,13246,13758,21,1
19605,18141,18485,37,1
12855,13044,13361,32,1
21141,21209,20556,47,1
13008,14168,12549,36,1
12315,13429,13704,37,1
25079,24994,24917,42,-1
16661,17130,16799,52,-1
13746,14007,13769,42,1
19522,19941,19897,30,-1
16823,17163,15980,54,-1
16464,15034,16725,47,-1
18448,18848,19504,27,-1
21380,21663,22076,32,1
15987,15305,15298,52,1
15254,13609,13723,24,1
12715,12026,12133,26,1
13323,11941,15394,29,1
18465,19508,19903,42,1
12864,13427,14032,26,1
16985,17011,16303,27,1
20054,20677,21533,42,-1
18908,19534,19744,21,1
15427,16601,17081,57,1
14402,15382,15752,32,1
23451,24012,23115,47,-1
18284,18761,18472,40,-1
20566,21636,21171,42,1
13468,13324,13958,42,1
11808,11617,11476,32,-1
11704,11677,11624,21,1
19054,21600,14914,37,1
12155,13790,11736,26,1
12556,13188,13541,24,-1
14859,14947,15511,37,1
15373,13955,14264,47,1
18866,18190,18780,32,-1
21159,20928,20356,44,1
13420,13148,13902,62,1
11150,10103,9622,27,1
13330,13611,11174,26,1
14858,14783,13126,46,1
22120,22157,22058,57,1
16013,16733,15328,37,1
18592,19702,20404,62,1
20788,21187,21779,21,-1
14415,14138,12879,46,1
18062,16655,17360,27,1
17326,16543,17662,32,-1
14797,14522,13873,47,1
19185,18690,20480,21,1
17327,17984,16287,57,1
25401,24380,25518,42,1
14010,14849,13848,16,1
15843,14250,14635,34,1
14435,15894,15265,46,1
13711,14594,14537,37,1
15458,16950,16054,36,1
18165,17362,18858,32,1
15131,15144,16100,37,1
11393,11972,11984,39,-1
11688,11331,12148,42,1
21259,21396,21423,27,-1
22505,22150,21446,32,1
21939,22224,21141,37,1
24313,22812,23626,52,1
14705,14860,14432,21,1
18492,16785,17670,21,-1
19990,19253,19402,23,1
15989,15184,15019,44,-1
17360,17674,17488,37,1
16514,15507,16260,44,-1
14874,15363,15504,32,1
20177,18299,21221,37,1
11853,11595,11552,32,-1
15654,17325,16516,32,-1
14389,14295,13359,47,1
16834,17913,18086,32,1
18061,17552,17032,47,-1
22752,23136,23562,75,1
11855,11122,12038,34,1
13283,14632,12949,46,1
15065,15779,14762,27,-1
17984,15888,17702,39,1
12907,11897,12143,37,1
15163,16940,16258,37,-1
13270,11510,10738,46,1
18832,18867,17748,42,-1
19363,20147,18968,32,1
14066,14632,14992,56,1
19522,20358,19664,52,-1
12400,12107,12639,44,1
21150,21498,21651,37,1
20150,20258,23077,27,1
16301,16653,15671,21,1
17420,18113,16930,42,1
15343,14648,14641,32,1
20239,20416,19279,37,-1
11403,10014,11609,42,1
13541,12347,12165,37,1
18503,19251,19982,37,1
24304,23501,25366,42,-1
15201,15288,13527,19,1
20145,21369,20014,27,-1
19158,17578,18284,42,1
13405,12975,12632,42,1
14740,15397,16420,27,-1
20850,21558,21170,27,1
18160,18028,16875,32,1
18843,19523,18677,32,-1
18625,17770,17671,37,1
12744,12095,12455,37,1
12645,12901,12757,54,1
15906,15448,15573,36,1
11324,11674,11336,47,1
13270,13841,14267,44,1
20532,20796,20106,27,1
15244,13746,14141,44,1
16630,16157,16885,32,1
15900,17936,18393,37,-1
17028,17647,16332,52,-1
22508,21852,22586,42,1
15271,16312,15344,37,1
14605,15750,13935,37,1
12027,11875,11700,37,1
13930,13185,13244,37,1
16639,15555,15436,26,-1
12431,11852,11240,42,-1
13498,14483,13104,36,1
22274,22871,22984,52,-1
17249,16350,17795,21,1
17869,17639,17524,29,1
18909,18727,18045,27,-1
15020,16204,15965,57,1
20318,20102,19225,32,-1
15586,14499,15201,46,1
14502,13665,14519,42,1
17729,18326,17713,27,-1
16360,17394,17255,32,-1
16982,16175,15793,46,-1
17216,15833,17355,47,-1
13614,14839,13133,24,1
15875,15056,15249,0,0
18403,20097,18571,42,-1
15459,15762,18161,35,1
11857,13033,12306,32,1
16215,15415,15702,32,1
9331,8743,9873,37,1
14652,14931,14299,54,1
13485,13536,12277,37,-1
15311,14839,13897,47,-1
20960,21012,21180,44,1
16177,16525,17305,42,1
13504,13814,12155,23,-1
20146,20099,20097,52,1
19514,20670,20971,42,1
12774,12265,11388,27,1
20354,18870,19460,27,-1
12208,10858,11998,52,1
22858,22461,23298,32,1
18583,19421,18119,21,1
14727,15174,13887,32,1
19840,20649,20656,42,1
19865,19276,20697,73,1
16215,15873,15326,47,1
15775,14342,17140,42,1
19282,18547,18959,75,1
17637,16876,16270,27,-1
15908,17427,17647,47,-1
14798,14186,13285,32,1
13014,12662,12608,37,1
21106,22675,21015,42,-1
16349,16671,17588,42,1
20692,19982,21042,62,1
16570,15782,15596,32,-1
16855,16236,15741,17,1
17650,21600,17487,43,1
21925,22827,23037,21,-1
17250,16235,16038,47,-1
16149,15108,15997,32,-1
19149,20043,19037,37,1
15227,14928,15303,37,1
15589,14824,15296,52,1
14623,16243,15735,36,-1
17023,15562,16083,37,-1
20279,21631,21178,42,-1
15199,16000,14712,42,1
24517,23615,25361,42,1
10865,12095,11381,47,1
18240,19824,18411,37,-1
16658,16379,18708,52,-1
16064,16319,16621,31,1
14630,14221,13935,21,1
19412,19024,20085,37,1
12930,14026,14284,47,1
15647,15502,15775,45,-1
12636,13487,13340,37,1
16854,16234,17133,47,1
15771,17036,16482,42,1
19095,19397,19898,19,1
17020,17126,16506,27,-1
22168,22271,22386,42,1
15542,15851,18151,44,1
13542,14788,13360,21,1
15286,14746,15033,26,-1
15445,13484,14166,25,-1
19052,18759,18946,42,1
21354,21256,21333,21,1
14977,14305,16069,54,-1
12848,12586,13263,32,1
17266,17584,16738,42,-1
17660,18253,18675,32,1
11479,13158,12382,27,1
15932,17233,16447,54,1
17869,17180,17552,37,1
18692,19077,19022,27,1
19188,16556,16531,56,1
20297,21094,20354,21,-1
13027,14350,13470,27,-1
14902,14608,15521,42,1
14415,13813,13505,42,1
13100,13727,12675,46,1
16673,16514,16184,47,1
14749,15178,14206,44,-1
13144,12832,12454,37,1
19020,20386,20023,32,-1
12742,12557,15116,37,1
10989,11954,10891,28,1
21520,22238,22983,42,-1
15151,15264,14401,37,1
22540,21360,21423,42,-1
17762,17803,18193,32,-1
13370,13455,13649,42,1
14166,13453,14890,52,1
15853,15843,16010,23,1
16022,17032,17569,44,1
13252,13367,14504,32,1
27404,16079,17637,38,-1
16553,16068,15592,37,1
12273,13908,12022,21,1
11796,12872,11847,44,1
10954,11381,12311,22,1
14536,13670,14729,64,1
13068,12794,14171,44,1
15496,19399,18969,33,-1
14736,15993,16094,37,-1
15347,14695,14674,27,1
16346,17062,16101,27,1
18763,19729,19176,37,1
16626,17247,18050,44,1
16482,16363,15909,47,-1
14573,13636,13001,49,1
18643,19926,19290,23,-1
19593,18327,18403,46,-1
17705,18309,17202,36,1
16864,18148,18097,26,-1
25931,26693,26401,57,1
12880,13060,12384,52,1
15396,15157,16157,37,1
21168,21671,20457,27,1
14498,15175,13622,34,1
14540,15294,15213,52,1
21646,22248,21943,21,1
13926,14159,13999,40,1
17076,16434,16037,32,1
15956,16977,16584,52,1
13183,12594,14055,46,1
13984,13383,14304,40,1
18635,17066,18125,21,-1
12406,12253,13011,37,1
16557,15585,16942,27,-1
21238,20668,22224,37,1
12319,12474,12423,37,1
18800,17585,18880,33,-1
17960,18067,17283,21,1
18122,17711,17563,37,-1
22241,21539,21419,27,-1
25518,24520,24341,37,1
12140,12956,12458,34,1
21331,21995,20964,27,1
12003,13008,11895,21,1
18117,18786,19269,27,1
11221,11436,12048,57,1
13823,13815,13248,21,1
20053,19118,20043,27,-1
14446,13408,13707,42,-1
12664,12728,13556,27,1
14233,14295,13637,32,-1
16192,15309,16572,37,1
15443,14161,15137,21,1
18221,18859,17932,32,1
20867,21787,20598,52,1
13904,13169,12806,32,1
17070,16340,18021,52,1
18363,17436,18387,57,1
16216,15847,17227,47,1
12245,13009,12288,34,1
14093,13849,13825,37,1
12988,12089,12673,42,1
15470,14957,13640,55,1
12899,12774,12034,32,1
24593,24200,23413,21,1
15289,16101,15626,52,1
25336,23808,24205,62,1
16204,17706,15886,42,1
28885,21600,20456,64,1
15233,15611,15506,52,-1
13235,13851,14028,27,1
17345,16605,17317,37,1
14514,14467,15880,36,1
15510,15001,16098,50,1
22779,23257,22651,37,-1
12060,12353,12045,37,1
15842,16450,21600,39,1
15009,13667,14744,52,1
14646,14532,14058,47,1
12770,15816,16553,60,1
13495,15127,13911,27,-1
14167,14160,14397,44,-1
12998,12195,11777,36,1
24826,25983,25835,62,1
18885,17809,16862,49,-1
13378,12429,12701,21,-1
17960,17595,17957,19,1
18705,19533,19767,47,-1
10334,16159,12588,44,1
12191,11777,11458,42,1
17814,18020,17068,62,1
13793,14648,13558,57,1
14652,15251,15597,47,1
19849,19473,18704,27,-1
19754,20414,20429,42,-1
19302,17966,17627,32,0
22511,22860,21699,32,1
13801,13831,12860,47,1
13560,12331,13463,62,1
26040,24808,26339,52,1
19379,18992,17890,62,1
11514,12901,12138,44,1
16908,16584,16465,42,1
12718,13703,13450,42,1
13657,11723,11951,23,1
18622,19141,19608,42,1
21861,21391,22818,27,1
11569,12054,12945,44,1
15462,17157,15775,43,1
14470,14865,13308,38,-1
13589,14472,14199,32,1
13703,14206,13250,32,1
14324,12962,13503,37,1
19176,19556,18321,57,1
14891,15317,15923,54,1
11926,13468,11736,42,1
20682,19591,18887,44,-1
17718,17111,16758,32,-1
12475,12188,11646,32,1
19796,20005,20508,52,1
14628,14239,14797,57,1
21750,22218,21374,42,1
19946,20024,18997,55,1
15628,14842,15566,21,1
12767,12895,12915,52,1
18329,19234,18170,57,-1
19232,18597,18468,21,-1
15618,14943,14738,21,1
13528,14183,13366,32,1
14813,13127,13008,58,1
18556,18838,18426,47,1
18272,17581,17252,26,-1
20299,20342,20749,27,-1
19522,20103,19079,57,-1
19091,20294,19791,47,-1
15046,15016,18877,43,1
16286,16956,17311,47,-1
14922,13859,15151,37,1
13306,12704,13256,47,1
12494,12510,11284,44,-1
12832,12112,14031,62,1
13944,12163,15269,50,1
13545,13587,14951,57,1
22789,23075,21312,47,-1
22365,23731,23840,42,-1
11894,12981,10855,30,1
15963,16002,14596,39,1
14882,16181,13307,40,-1
15311,15678,16243,37,1
21263,20549,21499,42,1
16476,15899,16037,32,1
10639,11502,10175,21,1
13131,12126,13364,47,1
18005,17693,17661,27,-1
21039,18405,21355,60,1
18895,17548,17283,46,1
11820,12590,11779,46,1
23441,24060,23853,52,1
10823,9966,11592,32,1
13099,13190,12393,45,1
14061,13858,15364,67,1
13757,14706,13521,35,-1
18388,19096,18921,62,-1
14318,14285,14136,34,1
16418,21600,13649,39,1
16065,15851,16979,36,1
17043,17460,17636,21,-1
18277,15483,18137,37,-1
23747,24321,23425,34,-1
15873,15567,16545,36,1
20245,19753,20402,37,1
18013,18103,18856,42,-1
20749,20184,19530,52,1
16591,16222,15499,18,-1
16961,15855,16895,37,1
13599,15183,14932,21,1
18530,19516,18344,37,-1
17607,18514,16805,54,1
10954,10998,11407,54,1
15019,15343,14816,32,1
22201,20806,21377,27,-1
14662,13591,14831,36,1
15170,15392,15295,27,1
13430,12485,12202,36,-1
12076,11361,12435,42,1
27684,26803,26194,37,-1
14103,13099,13073,45,1
15653,14315,15491,52,-1
20345,20513,20387,52,-1
12972,12925,13544,36,-1
10534,10702,10498,44,1
21436,21617,21867,42,-1
13744,17357,17048,55,1
17059,17407,16984,52,1
15378,15615,14446,37,1
15245,16058,16261,27,1
12219,12031,12104,36,1
13697,12868,13298,42,1
13829,12091,12438,44,1
15572,16760,17344,50,-1
14868,14363,15219,44,1
22906,23604,22048,27,1
20431,20820,21123,52,1
17466,17635,17314,23,-1
21126,19578,20899,37,-1
21952,23106,22239,50,0
23928,22707,22972,37,1
12865,13663,12560,21,1
24017,24874,24963,21,1
13789,14051,13881,47,1
20945,20727,20451,37,1
11416,12048,12180,47,1
21500,21218,21125,32,1
14170,13422,13288,42,1
13468,14078,13686,39,1
14443,15100,15286,47,1
16226,15525,16449,32,-1
11641,10858,11514,36,1
17181,16703,17259,34,1
13910,12955,13160,37,1
15917,14845,16173,32,1
16883,17997,17496,27,-1
15288,14209,15801,32,1
15139,15806,14374,57,1
20284,20545,20752,21,-1
14602,14826,14237,49,1
20132,21090,19684,42,1
16353,17488,16427,32,-1
12931,14084,14293,32,1
14952,13768,14935,54,1
18315,18935,17684,27,1
14195,13446,12957,47,1
13141,13744,13140,32,-1
21600,14831,15478,58,1
20761,20151,20914,42,1
16473,17742,20190,42,1
22395,22300,21646,42,1
16775,17452,15843,64,1
12087,13431,12746,32,1
19997,20153,19149,27,1
15408,14155,14464,27,1
17713,18132,17722,52,1
18873,17864,18682,47,1
21342,19665,20360,32,1
12389,12938,12537,42,1
11170,11658,10046,42,1
17802,18157,17894,27,1
17543,17901,19051,42,1
26161,25865,25367,62,-1
18720,18599,17559,42,1
10727,10867,12095,37,1
16679,15540,14961,57,1
19790,18673,19258,34,1
13443,12855,12907,32,1
22082,22928,22310,47,1
14274,13529,14976,49,1
12745,12036,13516,47,1
20336,21418,19874,36,-1
19741,19645,20804,27,1
21009,21333,20076,32,-1
20227,19812,20308,16,1
15508,17102,15999,42,-1
9930,10464,11056,47,1
18323,19471,17886,32,-1
11301,12128,10666,47,1
15938,16278,16941,37,1
14260,13797,13726,27,1
19748,18129,23659,55,1
12571,12013,12794,52,1
12604,21600,12995,47,1
10797,10319,10765,32,1
18176,18798,18414,47,1
23967,23769,23611,42,-1
18911,18596,19728,37,-1
19615,19633,19223,57,1
16281,17647,17268,32,-1
19449,20291,19298,46,-1
16562,15867,17129,27,1
12459,16836,13126,56,1
14951,15047,15080,21,1
20271,20496,19970,37,-1
10103,9681,10994,52,1
20711,20849,21616,52,1
15078,13789,14026,34,-1
16831,16588,17465,52,1
20347,19531,20208,37,-1
17397,17035,15972,27,1
16952,17032,17716,34,1
16086,16221,16676,42,1
19271,17874,18525,37,1
14731,15534,14869,19,-1
15212,15778,15433,47,1
14517,14928,13719,14,1
19242,18975,16937,36,-1
19444,19917,21034,37,1
19571,18553,18365,21,-1
25996,26466,25233,21,-1
14920,15245,15135,42,1
14050,13226,14306,32,-1
12484,11556,11309,37,1
15836,16659,17185,21,1
18758,17699,18429,42,1
19044,18363,18163,17,-1
16654,16360,17559,23,-1
11241,12450,12940,32,1
21547,21600,23424,37,-1
17807,18340,18050,37,1
16577,16835,15322,35,1
16577,16835,15322,35,1
12110,12899,11491,46,1
14791,14386,16467,38,-1
19438,20789,19129,52,1
18367,17941,16981,37,-1
14091,15308,15825,56,1
14355,14046,14318,47,1
18504,17395,18095,62,1
18499,17806,19229,21,1
25833,25245,25499,32,-1
25451,24535,24004,37,-1
15401,16341,15595,32,-1
23111,23389,23876,55,1
15068,16063,15131,27,1
15538,16986,16210,44,1
15963,16052,16147,46,-1
16977,18271,18627,37,1
17233,17537,17652,21,-1
14691,13435,14070,37,1
17616,17241,18242,57,1
23858,24484,22821,57,-1
12460,12792,13157,42,1
26696,25457,26373,32,-1
10049,11036,11639,42,1
18549,18795,17968,27,-1
17798,17239,17317,21,1
14430,15384,14722,21,1
12149,12972,13652,37,1
12101,15167,11440,34,1
21200,19541,20325,75,1
19167,17526,17369,45,-1
19273,17533,17729,42,1
15404,14574,19714,40,-1
14053,12988,12651,57,1
10959,10630,11828,57,1
18198,19615,18842,32,1
24500,23562,23325,21,-1
19429,18983,19622,52,1
17448,18535,17842,32,1
15624,14493,15293,37,1
15330,14997,15641,42,1
19009,18360,18445,21,1
12309,12500,12000,59,1
12825,12357,12069,46,1
14395,17214,13996,59,1
14588,14195,15132,35,1
17508,18817,18073,32,1
17219,16758,18168,40,1
17951,18989,17699,21,1
14869,15790,14906,32,-1
19390,19163,19329,37,1
14736,16086,15133,27,1
20999,21887,21531,42,1
16716,15382,16477,56,1
16001,16920,16068,46,1
13644,12445,12763,52,1
14230,14350,13873,21,-1
22047,21209,21134,21,1
20976,20225,20569,21,1
13185,13242,13789,37,1
17543,16843,17473,52,1
13904,13805,15032,21,1
12861,14051,12621,44,1
11904,13038,13271,27,1
20491,20804,20049,41,-1
20570,19841,21710,47,-1
14394,14271,13991,52,-1
15997,16493,15206,52,1
16110,18194,17980,35,-1
15875,15590,16190,27,1
19400,19182,18365,27,1
17242,21600,18174,40,-1
13561,13437,13897,37,1
19444,19942,19115,21,-1
16882,13840,19050,42,1
17716,18882,17907,32,1
12512,11427,11423,36,-1
14841,15147,14067,16,1
21946,21066,21787,57,1
15170,15219,15729,42,1
11166,11700,11966,32,1
19387,18657,19333,57,1
20266,19711,21129,32,1
15393,15814,16026,37,1
15335,14622,15269,52,1
16924,17611,17428,21,1
14873,13547,15389,37,1
11994,12447,11491,26,1
14588,14786,14640,27,1
17670,16942,17806,67,1
13795,15323,15271,42,-1
12646,16718,11919,41,1
21113,22077,20819,32,1
17586,16652,16479,52,1
20834,22034,21006,42,1
14060,13049,12705,36,1
13257,14875,14828,37,-1
18142,18745,18123,37,1
16389,16235,15390,47,1
13626,12979,14557,32,1
14235,15482,15688,37,1
19793,20003,19497,34,-1
19480,17636,22010,34,-1
20086,19210,20074,47,1
14251,15890,13627,53,1
13702,13530,12679,27,1
16004,16667,15408,41,1
14692,14004,14388,54,-1
21138,21022,20597,57,-1
15057,15943,15979,32,-1
16087,16851,15589,37,1
14099,13368,14087,32,1
16821,17900,17399,21,1
17028,17916,16848,27,-1
15848,16282,16140,47,1
12412,13482,12620,66,1
20452,21977,21718,62,1
14494,15366,14495,27,-1
18957,19171,17854,27,1
26414,25265,26343,47,1
16765,16586,15914,21,-1
14596,13197,14737,47,1
16220,16188,14902,37,-1
11728,11814,11270,37,1
13146,12598,12871,52,1
15601,15903,16429,21,1
20158,20387,19215,37,-1
12776,13512,13387,40,1
16410,15394,16468,27,1
18878,18895,18287,16,-1
20666,20263,19849,27,1
16916,16104,17395,47,1
23637,23214,22462,57,-1
15479,14933,13519,35,1
16725,15010,16591,30,-1
17016,15946,15670,42,1
14487,15177,15620,32,1
15437,14097,13885,56,1
13372,14141,12956,21,1
11046,12528,10767,46,1
14020,13636,13134,52,1
17252,17707,17587,47,1
11288,11308,11079,27,1
14088,11688,18281,22,1
12389,13439,13872,42,1
11953,12644,13082,21,-1
18547,22963,24303,60,1
13962,13957,13910,47,1
11874,12066,11972,52,1
16061,15279,14554,27,-1
15327,20490,15168,38,1
17155,18871,17046,27,-1
11809,11934,11488,39,1
21536,21162,21755,27,1
21406,20464,18912,32,1
13197,11765,12336,26,-1
22606,23876,22928,32,1
14268,14078,12822,36,1
20387,21139,18728,47,1
16083,19146,18103,42,-1
16260,16668,15709,32,1
15206,15644,16688,27,1
18698,19266,18914,56,1
24442,23695,25400,36,-1
20433,19830,20318,42,-1
22826,22464,22430,42,-1
16312,15905,15550,37,-1
11813,13184,12638,35,1
19284,19535,20004,24,1
18572,17166,16128,54,1
13083,12460,13265,47,1
13683,14516,14686,27,1
15666,15399,14960,42,1
15752,14451,14533,32,-1
14581,13317,14009,21,-1
20877,20371,21620,75,1
14612,15250,14267,32,1
21625,21899,22143,52,1
13532,13977,14949,34,1
17878,15760,18804,47,1
15524,15222,15311,47,1
17711,16957,16085,32,1
14719,14147,15706,21,1
16699,17467,18786,53,1
15369,16234,16411,27,1
12462,12921,11803,52,1
19032,19491,19359,52,1
19176,19315,18410,27,1
18346,18460,19391,47,-1
11139,11229,11310,42,1
12968,11962,13198,57,1
12692,13204,11691,37,-1
23246,23259,22784,27,1
18716,18302,19498,27,-1
18595,19566,19011,47,1
17031,16103,14914,28,1
15704,14227,13462,40,1
14575,13425,13613,42,1
18696,20190,19143,42,1
15990,15741,17203,52,1
12697,12004,12940,36,1
18034,18953,17367,37,1
19398,20464,19965,47,1
21598,21189,21847,47,1
13915,15023,14403,57,1
12954,11809,11638,35,1
21730,21589,22854,37,1
18393,19248,18717,37,-1
11196,12358,11369,46,1
21845,20696,18849,37,-1
16139,15961,16779,42,1
18564,18886,19434,46,1
13574,12546,12419,42,1
16711,17308,18009,52,1
25255,25881,25474,37,-1
12561,12331,11568,32,1
21253,20496,19954,23,1
20191,18641,19476,37,1
8947,10302,10938,47,1
20220,20888,20044,21,-1
17700,17912,18261,37,-1
16503,16356,16152,21,1
12024,12645,13019,42,1
20538,21722,23160,37,-1
16904,16241,16939,47,1
15209,14531,15797,52,1
13766,14320,13291,47,1
17846,16439,17975,54,1
12551,21600,16521,45,-1
14379,15501,15928,34,1
17044,15643,16982,21,1
19647,19901,19168,47,1
17891,18726,17264,32,1
20615,20336,21642,54,-1
17276,17613,17177,42,1
19989,20333,20195,37,1
13144,12037,11970,52,1
13552,14171,13605,52,1
14382,13995,13806,29,1
20759,21176,20584,57,1
10905,12160,11992,27,1
18153,17467,17593,38,-1
16690,16533,17934,35,-1
16499,16839,16367,21,-1
19303,18960,18646,32,1
15720,15860,17095,32,-1
16940,16673,16336,44,-1
15782,16385,15981,37,1
10501,9884,9999,46,1
18244,17113,16972,21,1
15582,16970,15846,37,-1
19883,20112,21020,21,-1
23293,22441,21988,42,-1
23232,23801,23822,52,-1
17273,17483,18268,52,-1
17415,18549,18348,32,-1
18585,18213,19242,47,-1
13118,13656,13951,32,1
23415,23228,24573,42,1
11605,11467,11173,37,1
13705,12987,13361,36,1
15065,15778,14428,52,1
16591,16577,17118,32,1
14963,14296,15403,27,-1
20777,19913,20344,16,1
19801,20041,20378,27,1
18146,19118,19042,21,1
22797,22801,21903,21,1
19743,20230,19190,27,-1
18787,18261,17934,42,1
13587,14410,14209,37,1
13940,15715,13804,56,1
13865,12607,12835,27,1
15714,14965,15664,27,1
20772,19437,19694,21,-1
23784,23747,31075,42,1
21052,20050,20798,47,-1
20960,17194,20323,52,1
14445,15467,16459,37,-1
13328,14256,13091,24,1
19010,19352,19267,27,-1
21683,21217,21999,21,1
13776,13849,13310,54,-1
11947,12732,11963,37,1
16297,16616,17008,42,1
15620,15524,15329,35,1
17268,15732,16558,67,1
15983,16167,15474,27,1
14235,15614,14588,51,-1
15383,15027,14345,17,1
23378,23865,23322,37,1
17378,17162,16749,27,1
16903,17749,16176,52,1
20149,19906,20465,57,-1
14259,14230,17414,34,1
20607,21431,21868,37,1
15478,14441,15868,23,-1
19104,18185,19201,16,-1
21745,21036,20556,27,1
19285,18301,17946,46,1
20698,22106,22093,44,-1
13898,14051,13360,36,-1
20935,21774,20027,32,1
15040,13809,21600,39,-1
13560,12943,13869,40,1
19956,21291,16164,36,-1
13187,13289,13342,36,1
15817,19295,17977,70,1
20026,20624,20649,27,1
16792,16466,16144,52,1
18947,19685,18612,37,1
10508,10851,10181,47,1
19475,18952,19153,21,1
13746,12258,13084,52,1
19007,19237,21443,37,1
19161,18594,19079,37,1
22533,23133,23562,42,1
13041,12995,12547,37,1
20602,21250,19595,32,-1
17087,15595,15515,27,-1
19988,19125,20584,52,1
14126,14493,13956,65,1
13997,14457,15264,19,1
13052,13308,13986,27,-1
16141,17824,16251,27,1
16115,16005,16773,27,1
11608,11018,11635,46,1
21000,21620,20298,27,1
18129,17649,19240,37,1
14283,14391,16018,20,1
20020,19089,19763,27,-1
15054,15795,16576,32,1
21079,21610,21373,21,-1
15144,14081,15879,27,1
16600,15442,14841,21,1
11484,11667,10777,34,-1
14535,15031,14569,21,-1
14267,14529,13655,37,1
13895,13529,14766,37,1
16309,16407,16798,42,1
13933,14213,14038,44,1
14026,14369,13813,37,1
15691,15755,16760,42,-1
14654,13516,13896,42,1
13227,12667,13109,32,1
12359,14078,11880,56,1
20990,20843,21309,32,1
18704,18625,18247,52,1
16949,15674,16720,47,1
19270,20315,19951,47,1
17514,18050,18090,37,1
20611,19732,21860,32,1
17125,17421,16841,42,1
17120,16232,15621,27,1
15560,17117,16409,27,-1
19746,18284,18587,52,1
12974,13507,13349,35,-1
16926,15950,16510,32,1
18113,17561,16986,32,1
14487,15929,12511,54,1
15852,19561,16819,43,-1
15318,16668,16889,37,1
20453,20360,20830,32,-1
16999,21600,17402,40,1
14442,14047,14181,27,1
13442,12688,13148,52,1
22218,22521,22634,47,1
16507,16712,17045,57,1
15863,16885,17148,27,1
19562,19481,18689,42,1
32177,18516,17954,30,1
13042,12325,12061,45,1
15307,14568,13875,42,1
16365,16640,16538,32,-1
14025,15052,15131,52,1
18288,18418,17916,47,-1
18518,18978,19220,52,1
14173,15204,14145,62,1
15040,15205,13789,67,1
18931,17858,18453,37,1
14812,15201,13400,42,-1
12300,13140,12573,37,1
17187,17272,16996,32,-1
15378,15701,14875,52,-1
18120,19369,17715,42,1
12534,11503,11524,33,-1
17910,16950,17120,36,-1
19982,20297,17623,53,1
15687,15474,16961,21,1
12550,12490,11376,21,1
14939,13837,13066,37,1
19802,20492,19008,21,1
17443,17725,16753,36,1
13133,12500,13673,47,1
20612,22045,20601,37,1
17633,17063,18108,44,1
12405,13733,12681,37,1
14088,13622,14997,42,1
22995,22447,23408,42,-1
14819,14649,14067,21,-1
18695,19226,19567,37,-1
18202,19655,18393,44,1
26280,26115,26505,37,-1
14250,14941,13703,37,1
16043,16228,16578,42,1
15273,14360,16055,37,1
21378,19739,19424,37,1
18598,15116,13763,46,1
21604,22495,21741,47,1
20127,20343,19338,23,1
15279,14415,14535,57,1
13900,13121,12762,37,1
13624,14466,13136,21,1
18274,17470,17523,27,-1
17239,17153,17950,44,-1
14357,13184,14175,46,-1
14987,15239,14861,36,1
20659,20028,19914,27,1
17650,16657,16986,42,1
16562,16669,15355,21,1
15379,16330,15400,47,-1
22535,22686,21511,21,1
13896,12710,13085,27,1
10345,10866,11137,31,1
12099,12681,12258,24,1
16308,17667,16898,27,1
19857,19814,19118,47,-1
16345,16997,15912,21,1
19790,19279,19587,32,-1
18542,19017,18919,37,1
17425,13590,17375,37,1
15779,16099,15987,52,1
15740,15006,14770,32,1
20832,22318,22581,21,-1
14305,14866,13767,42,-1
13519,14062,13918,47,1
14767,15129,15642,23,-1
18638,18007,19095,37,1
19807,20259,19171,47,1
18621,19209,18517,32,-1
20795,21313,20198,67,1
12627,12970,14228,36,1
15748,14761,14626,32,1
12821,12775,12761,44,1
11610,11543,12122,36,1
20932,21014,20620,42,-1
10888,10700,11567,34,1
19950,20154,21512,37,1
17154,18432,16920,27,-1
14568,15201,15105,51,1
13914,12327,11725,39,1
13453,14313,13316,21,1
17342,17476,16980,52,1
21049,21717,21600,40,-1
19425,19677,20473,37,-1
15530,14681,14017,27,-1
20419,20849,21511,47,-1
19177,19006,18734,42,1
16948,16017,17045,37,1
19174,18885,20189,42,1
14746,14937,13817,36,-1
9662,10838,10486,44,1
12413,12582,13231,47,1
18426,17223,17829,47,-1
10682,10964,11242,47,1
21042,20996,21360,27,1
13412,13623,14530,37,1
16423,16775,13985,45,1
20708,21128,21325,42,-1
19593,19329,20552,42,1
16540,17366,18051,42,1
21388,21693,22681,62,1
11106,11647,12361,57,1
13566,12819,14657,52,1
16472,16948,15794,32,1
12549,13771,13415,35,1
16405,16956,15431,42,1
13383,13394,14720,57,1
11514,12291,11467,32,1
24703,24350,25939,42,-1
19599,19692,19094,47,1
20721,21766,20406,47,-1
19343,19133,19842,17,1
17198,21600,17327,47,1
14300,15091,14035,42,1
15648,16236,16213,21,1
24106,22582,21600,71,1
16210,17067,17258,44,1
19177,19196,18877,37,-1
15720,15639,17068,37,1
16590,15769,16290,21,1
22113,20898,22420,27,-1
18835,18012,18682,21,1
17965,16558,14568,37,1
14172,14891,15147,32,1
17327,16472,16558,27,1
21919,22284,22598,42,1
18819,19838,20250,37,-1
11824,13048,13131,37,1
14315,15678,15401,47,1
13398,14039,14255,21,1
14985,15525,15685,21,1
16024,15984,17038,32,-1
18018,18742,18012,56,1
14689,13857,14379,37,1
22427,22734,21479,47,-1
20861,21380,20373,27,-1
11184,14440,13400,45,1
18826,19208,20421,27,-1
15433,15994,14784,52,1
16512,15565,16459,35,1
12626,13232,13779,37,-1
12191,12776,13653,37,1
19420,18878,20267,27,1
17436,17811,18227,47,1
19748,21365,19980,32,1
19935,20119,20183,27,1
13789,14233,13849,27,1
20035,19401,18383,36,1
20520,21600,19909,74,1
16589,16733,17396,32,-1
20913,21068,20320,47,1
16288,15007,15423,34,-1
20206,19423,18918,37,1
14435,15365,15569,44,1
13477,12047,12896,46,1
23531,22159,21955,57,1
9405,9405,9713,46,1
13063,11996,14106,41,1
18995,18920,20069,37,1
12300,12413,11269,23,1
10680,11619,10758,37,1
20693,21163,21550,37,1
14449,15379,15265,46,1
19890,19432,18946,55,-1
13681,14034,15227,27,1
16986,17934,18300,57,1
13213,12169,11566,23,1
14958,14544,16891,49,1
22267,17496,22711,21,1
12788,13264,13371,27,1
21852,22956,23149,21,1
16361,16831,17623,44,1
13918,12874,12839,36,1
15853,14495,14276,62,1
14581,13042,12745,47,1
13641,13733,14457,34,1
17712,17090,15969,47,1
17780,18513,18301,57,1
13940,13702,14229,42,1
17902,16961,17667,37,-1
18104,17162,17060,21,1
13551,14462,14268,37,1
19842,20319,20910,27,-1
18945,18875,20134,37,1
15506,17883,18079,54,1
19258,19407,18111,37,1
26258,25770,25047,32,1
26067,26767,27082,21,1
13627,14223,13046,36,1
20226,20048,19798,44,1
14015,14206,15098,35,1
12947,12210,11459,36,1
20015,20831,20658,42,1
12569,14095,11113,34,1
17667,17478,18025,47,1
15114,14594,15178,27,1
12972,11615,11701,34,1
12772,15555,13642,53,1
11080,12173,12331,32,1
15374,14656,14427,47,1
20337,20390,19104,21,1
14979,15020,14115,21,1
19144,19797,19903,42,-1
21703,21857,21807,47,1
18008,17748,19232,19,-1
19785,20419,20054,52,-1
18505,17280,18410,47,1
22725,23788,24361,27,1
19762,19928,20494,42,1
24334,24966,25034,47,-1
21991,22084,22164,27,1
12569,12845,12374,37,1
22986,22417,23387,47,-1
12357,10855,11952,37,1
18675,18274,18073,32,1
16852,17141,15754,52,1
17845,17746,18228,57,1
17068,16853,16597,27,1
22411,22854,21504,37,1
17096,16994,17537,42,1
13745,13569,14617,42,1
17920,16353,18242,37,1
16951,16291,15754,47,-1
18064,17769,18759,27,1
21009,19694,21099,62,-1
12749,13374,12341,27,1
18024,16810,18006,44,1
14584,14815,15587,42,1
16437,16272,15813,37,-1
15248,15078,14116,32,1
20471,20388,20500,21,1
14438,16196,16958,58,1
11670,11835,11438,36,1
16855,16670,16957,37,-1
19897,19123,19819,57,1
18578,18163,19073,47,1
14543,15591,15104,61,1
14803,15580,15450,37,1
21353,22583,22447,36,1
21413,20700,21896,44,1
22723,22536,22313,37,-1
14049,13655,16178,45,1
13575,12377,13664,56,1
21784,23099,23214,52,1
16599,14878,15672,37,1
17947,17938,16386,42,1
17931,17719,18332,0,0
13692,15280,14579,32,1
26433,27186,25507,37,1
13229,12533,12510,42,1
18801,19366,19243,27,-1
17517,18905,19234,21,1
14042,13624,14741,54,1
22179,21528,22029,52,-1
15937,14998,14990,46,1
25690,25002,23989,62,1
22809,21890,23000,32,1
14666,14129,14962,21,1
22281,21408,21093,21,1
24058,24161,23923,32,1
15859,15642,15946,52,1
20124,20116,20238,42,1
19313,19404,19453,37,-1
18061,18844,17761,37,1
19739,20392,19807,26,1
21137,21692,20043,27,1
23060,23029,23153,27,-1
17935,17746,16639,17,1
18405,16465,18391,46,-1
14344,14418,14073,36,-1
16029,16195,15293,21,-1
14639,14175,14321,43,1
20197,20118,20596,32,1
16279,17886,16938,27,-1
14473,14146,14236,37,1
19160,19217,17966,44,1
24609,24945,24253,57,1
17702,18598,19156,32,1
11354,11761,11178,42,1
14340,14245,15584,54,-1
15132,13671,15044,30,1
16892,16735,17193,47,1
23013,22646,22704,27,1
14846,14037,15268,44,1
16372,16582,16859,21,1
18033,14343,14637,43,-1
15710,16202,15456,47,1
17738,18558,17186,32,1
15411,16932,15664,52,-1
16107,15771,14828,47,1
18781,18272,19050,37,1
14289,14961,14919,32,1
17255,18170,16651,27,1
19933,19941,20920,47,-1
12365,12772,14076,36,1
15192,14103,14975,57,1
17026,17798,18273,27,1
11964,12879,12132,34,1
17860,17138,16546,42,1
18654,18191,18096,42,-1
17264,16242,17278,44,1
21987,21063,21821,32,-1
15332,15758,15754,39,-1
19636,19111,18375,42,1
16431,14766,16395,52,1
18757,18938,19470,46,1
22502,21266,23072,27,-1
20647,20718,19437,52,-1
21320,21949,20291,32,-1
20127,19555,19949,32,-1
11101,12435,10638,61,1
21184,22003,22622,52,1
15317,15245,15277,56,1
12462,14791,13856,56,1
17716,16754,17600,37,1
24002,22904,24229,32,-1
18728,18583,19404,32,1
19657,18470,19174,26,1
18913,18853,17857,56,1
16180,16258,17105,23,-1
14886,14322,15658,36,1
14928,15960,14443,32,1
17995,18039,17881,47,1
15235,15376,14361,42,1
13602,13201,14335,45,1
14826,15391,15005,42,1
18046,18267,17755,21,-1
13022,13533,14027,54,1
10714,9829,10866,42,1
20174,19965,19997,62,1
11754,12514,11259,23,1
14120,15064,13948,45,1
16835,16155,15488,54,1
17007,17537,17195,44,1
14521,21600,18479,47,1
21759,22182,21805,37,1
14622,14527,15016,27,-1
14262,14882,14594,31,1
20766,22106,21202,42,1
